{"cameraMode":{"drawMode":0,"name":"Shaded","section":"Shading Mode"},"sceneLighting":false,"audioPlay":false,"sceneViewState":{"m_AlwaysRefresh":false,"showFog":true,"showSkybox":false,"showFlares":true,"showImageEffects":true,"showParticleSystems":true,"showVisualEffectGraphs":true,"m_FxEnabled":true},"in2DMode":false,"pivot":{"x":-0.12502853572368623,"y":0.0373779721558094,"z":-0.13489145040512086},"rotation":{"x":-0.0181545689702034,"y":0.8991901874542236,"z":0.03752009943127632,"w":0.43565475940704348},"size":0.8660253882408142,"orthographic":false}