{"cameraMode":{"drawMode":0,"name":"Shaded","section":"Shading Mode"},"sceneLighting":false,"audioPlay":false,"sceneViewState":{"m_AlwaysRefresh":false,"showFog":true,"showSkybox":true,"showFlares":true,"showImageEffects":true,"showParticleSystems":true,"showVisualEffectGraphs":true,"m_FxEnabled":true},"in2DMode":false,"pivot":{"x":-1.9980841875076295,"y":7.130919456481934,"z":-0.10104647278785706},"rotation":{"x":-0.33281704783439639,"y":-0.45311832427978518,"z":0.18721628189086915,"w":-0.8055184483528137},"size":1.2930564880371094,"orthographic":false}