{"cameraMode":{"drawMode":0,"name":"Shaded","section":"Shading Mode"},"sceneLighting":false,"audioPlay":false,"sceneViewState":{"m_AlwaysRefresh":false,"showFog":false,"showSkybox":false,"showFlares":false,"showImageEffects":false,"showParticleSystems":false,"showVisualEffectGraphs":true,"m_FxEnabled":true},"in2DMode":false,"pivot":{"x":0.0010393857955932618,"y":0.8416096568107605,"z":-0.0024676918983459474},"rotation":{"x":0.21169377863407136,"y":-0.008185310289263726,"z":0.0017657461576163769,"w":0.9773361086845398},"size":1.3130695819854737,"orthographic":false}