{"cameraMode":{"drawMode":0,"name":"Shaded","section":"Shading Mode"},"sceneLighting":false,"audioPlay":false,"sceneViewState":{"m_AlwaysRefresh":false,"showFog":true,"showSkybox":false,"showFlares":true,"showImageEffects":true,"showParticleSystems":true,"showVisualEffectGraphs":true,"m_FxEnabled":true},"in2DMode":false,"pivot":{"x":0.007743008900433779,"y":0.34982994198799136,"z":1.0187453031539918},"rotation":{"x":-0.04615800827741623,"y":0.029092779383063318,"z":0.0013384234625846148,"w":0.998542070388794},"size":0.8660253882408142,"orthographic":false}