{"cameraMode":{"drawMode":0,"name":"Shaded","section":"Shading Mode"},"sceneLighting":false,"audioPlay":false,"sceneViewState":{"m_AlwaysRefresh":false,"showFog":true,"showSkybox":false,"showFlares":true,"showImageEffects":true,"showParticleSystems":true,"showVisualEffectGraphs":true,"m_FxEnabled":true},"in2DMode":false,"pivot":{"x":0.7297348380088806,"y":1.5118675231933594,"z":-1.9578691720962525},"rotation":{"x":0.2225111722946167,"y":-0.7764425873756409,"z":0.4392302930355072,"w":0.3933596909046173},"size":0.023637283593416215,"orthographic":false}